{
  "Original": {
    "medial_lowest_point": [
      139.06264877319336,
      35.63487184047699,
      -736.5
    ],
    "lateral_lowest_point": [
      155.57632744312286,
      37.37315380573273,
      -736.5
    ],
    "image_properties": {
      "origin": [
        -222.5,
        -222.5,
        -900.5
      ],
      "spacing": [
        0.8691409826278687,
        0.8691409826278687,
        2.0
      ],
      "shape": [
        216,
        512,
        512
      ]
    }
  },
  "2mm_Expanded": {
    "medial_lowest_point": [
      111.25013732910156,
      -30.419842839241028,
      -484.5
    ],
    "lateral_lowest_point": [
      130.37123894691467,
      -28.68156087398529,
      -484.5
    ],
    "image_properties": {
      "origin": [
        -222.5,
        -222.5,
        -900.5
      ],
      "spacing": [
        0.8691409826278687,
        0.8691409826278687,
        2.0
      ],
      "shape": [
        216,
        512,
        512
      ]
    }
  },
  "4mm_Expanded": {
    "medial_lowest_point": [
      109.51185536384583,
      -32.158124804496765,
      -480.5
    ],
    "lateral_lowest_point": [
      131.24037992954254,
      -31.288983821868896,
      -480.5
    ],
    "image_properties": {
      "origin": [
        -222.5,
        -222.5,
        -900.5
      ],
      "spacing": [
        0.8691409826278687,
        0.8691409826278687,
        2.0
      ],
      "shape": [
        216,
        512,
        512
      ]
    }
  },
  "Randomized_1": {
    "medial_lowest_point": [
      103.42786848545074,
      -40.84953463077545,
      -636.5
    ],
    "lateral_lowest_point": [
      123.41811108589172,
      -39.111252665519714,
      -636.5
    ],
    "image_properties": {
      "origin": [
        -222.5,
        -222.5,
        -900.5
      ],
      "spacing": [
        0.8691409826278687,
        0.8691409826278687,
        2.0
      ],
      "shape": [
        216,
        512,
        512
      ]
    }
  },
  "Randomized_2": {
    "medial_lowest_point": [
      102.55872750282288,
      -24.335855960845947,
      -634.5
    ],
    "lateral_lowest_point": [
      123.41811108589172,
      -25.204996943473816,
      -634.5
    ],
    "image_properties": {
      "origin": [
        -222.5,
        -222.5,
        -900.5
      ],
      "spacing": [
        0.8691409826278687,
        0.8691409826278687,
        2.0
      ],
      "shape": [
        216,
        512,
        512
      ]
    }
  }
}